{
    "blobs": {
        "KM": {
            "Adjusted Rand Index": {
                "mean": 0.7725066608610407,
                "std": 0.022556227881388363
            },
            "Adjusted Mutual info": {
                "mean": 0.8561444862487606,
                "std": 0.00760140051541361
            },
            "Homogeneity": {
                "mean": 0.8494653765205097,
                "std": 0.009325078102885524
            },
            "Completeness": {
                "mean": 0.868332094489911,
                "std": 0.00819806066998498
            },
            "V-measure": {
                "mean": 0.8587703201862856,
                "std": 0.0074619580180695705
            },
            "Fowlkes-Mallows": {
                "mean": 0.7974682099853905,
                "std": 0.019593853227459507
            },
            "Silhouette": {
                "mean": 0.5360334265342328,
                "std": 0.015316427291530765
            },
            "Davies-Bouldin": {
                "mean": 0.6985094173238904,
                "std": 0.04614731321828935
            }
        },
        "CKM": {
            "Adjusted Rand Index": {
                "mean": 0.6669603213839828,
                "std": 0.07879896593999998
            },
            "Adjusted Mutual info": {
                "mean": 0.8119825992828449,
                "std": 0.034186737953232314
            },
            "Homogeneity": {
                "mean": 0.7925734969003466,
                "std": 0.04664090772088103
            },
            "Completeness": {
                "mean": 0.8407736279867205,
                "std": 0.022460111311122296
            },
            "V-measure": {
                "mean": 0.8155370040065767,
                "std": 0.0334221158319508
            },
            "Fowlkes-Mallows": {
                "mean": 0.7107668736728278,
                "std": 0.06080763458498329
            },
            "Silhouette": {
                "mean": 0.4554783511787819,
                "std": 0.06521311642865472
            },
            "Davies-Bouldin": {
                "mean": 0.7709883664310276,
                "std": 0.08199564408346847
            }
        },
        "RANDOM": {
            "Adjusted Rand Index": {
                "mean": 0.4665953133179297,
                "std": 0.03151562565918348
            },
            "Adjusted Mutual info": {
                "mean": 0.7075672829808204,
                "std": 0.013303336279830573
            },
            "Homogeneity": {
                "mean": 0.63824888982264,
                "std": 0.021651389914270926
            },
            "Completeness": {
                "mean": 0.8075101856353676,
                "std": 0.02685611009314819
            },
            "V-measure": {
                "mean": 0.7124105345984251,
                "std": 0.012838271241447574
            },
            "Fowlkes-Mallows": {
                "mean": 0.5655724177857486,
                "std": 0.021990057379880613
            },
            "Silhouette": {
                "mean": 0.35825635063343647,
                "std": 0.08204992582414748
            },
            "Davies-Bouldin": {
                "mean": 0.9352755546194477,
                "std": 0.18387169695845465
            }
        }
    },
    "digits": {
        "KM": {
            "Adjusted Rand Index": {
                "mean": 0.6005358748089165,
                "std": 0.024935240200837188
            },
            "Adjusted Mutual info": {
                "mean": 0.7102708877347832,
                "std": 0.0114705152502295
            },
            "Homogeneity": {
                "mean": 0.7040639961155599,
                "std": 0.011581329473253793
            },
            "Completeness": {
                "mean": 0.7225727900032528,
                "std": 0.012111088836975521
            },
            "V-measure": {
                "mean": 0.7131824174514116,
                "std": 0.011356027081237008
            },
            "Fowlkes-Mallows": {
                "mean": 0.6440563123523017,
                "std": 0.021184575479878034
            },
            "Silhouette": {
                "mean": 0.17840442174989118,
                "std": 0.005102959010753125
            },
            "Davies-Bouldin": {
                "mean": 1.900053720933854,
                "std": 0.07898670165036974
            }
        },
        "CKM": {
            "Adjusted Rand Index": {
                "mean": 0.2694784281075247,
                "std": 0.040103495843685597
            },
            "Adjusted Mutual info": {
                "mean": 0.4070339665538663,
                "std": 0.03195622604547169
            },
            "Homogeneity": {
                "mean": 0.39085136365237644,
                "std": 0.03947030337944821
            },
            "Completeness": {
                "mean": 0.4383153631222728,
                "std": 0.02636271175358354
            },
            "V-measure": {
                "mean": 0.4127871977638562,
                "std": 0.031546454025811015
            },
            "Fowlkes-Mallows": {
                "mean": 0.360993340629101,
                "std": 0.030291662356731194
            },
            "Silhouette": {
                "mean": 0.059508418579183466,
                "std": 0.027333253179200222
            },
            "Davies-Bouldin": {
                "mean": 2.6710197949414827,
                "std": 0.16884786496413465
            }
        },
        "RANDOM": {
            "Adjusted Rand Index": {
                "mean": 0.08974088147649072,
                "std": 0.04418221522378768
            },
            "Adjusted Mutual info": {
                "mean": 0.19930521795510225,
                "std": 0.05001373138088356
            },
            "Homogeneity": {
                "mean": 0.16473162613282094,
                "std": 0.046270019594669635
            },
            "Completeness": {
                "mean": 0.2822372461973112,
                "std": 0.043333267062243185
            },
            "V-measure": {
                "mean": 0.20674421238821142,
                "std": 0.048592036226722556
            },
            "Fowlkes-Mallows": {
                "mean": 0.2721863724125582,
                "std": 0.013533572719418343
            },
            "Silhouette": {
                "mean": -0.03579435451120738,
                "std": 0.03127014370920249
            },
            "Davies-Bouldin": {
                "mean": 2.917663614143348,
                "std": 0.44920594801380315
            }
        }
    },
    "iris": {
        "KM": {
            "Adjusted Rand Index": [],
            "Adjusted Mutual info": [],
            "Homogeneity": [],
            "Completeness": [],
            "V-measure": [],
            "Fowlkes-Mallows": [],
            "Silhouette": [],
            "Davies-Bouldin": []
        },
        "CKM": {
            "Adjusted Rand Index": [],
            "Adjusted Mutual info": [],
            "Homogeneity": [],
            "Completeness": [],
            "V-measure": [],
            "Fowlkes-Mallows": [],
            "Silhouette": [],
            "Davies-Bouldin": []
        },
        "RANDOM": {
            "Adjusted Rand Index": [],
            "Adjusted Mutual info": [],
            "Homogeneity": [],
            "Completeness": [],
            "V-measure": [],
            "Fowlkes-Mallows": [],
            "Silhouette": [],
            "Davies-Bouldin": []
        }
    }
}