{
    "blobs": {
        "KM": {
            "Adjusted Rand Index": {
                "mean": 0.7725066608610407,
                "std": 0.022556227881388363
            },
            "Adjusted Mutual info": {
                "mean": 0.8561444862487606,
                "std": 0.00760140051541361
            },
            "Homogeneity": {
                "mean": 0.8494653765205097,
                "std": 0.009325078102885524
            },
            "Completeness": {
                "mean": 0.868332094489911,
                "std": 0.00819806066998498
            },
            "V-measure": {
                "mean": 0.8587703201862856,
                "std": 0.0074619580180695705
            },
            "Fowlkes-Mallows": {
                "mean": 0.7974682099853905,
                "std": 0.019593853227459507
            },
            "Silhouette": {
                "mean": 0.5360334265342328,
                "std": 0.015316427291530765
            },
            "Davies-Bouldin": {
                "mean": 0.6985094173238904,
                "std": 0.04614731321828935
            }
        },
        "CKM": {
            "Adjusted Rand Index": {
                "mean": 0.7735060953745787,
                "std": 0.018757122304335818
            },
            "Adjusted Mutual info": {
                "mean": 0.8519844608355027,
                "std": 0.00880376398270088
            },
            "Homogeneity": {
                "mean": 0.8490885933193402,
                "std": 0.010890171374872198
            },
            "Completeness": {
                "mean": 0.8603486160593091,
                "std": 0.007018595598539869
            },
            "V-measure": {
                "mean": 0.854669658736009,
                "std": 0.008634556533670094
            },
            "Fowlkes-Mallows": {
                "mean": 0.7971404321999741,
                "std": 0.016021673976079297
            },
            "Silhouette": {
                "mean": 0.5181803278876591,
                "std": 0.005296238806898585
            },
            "Davies-Bouldin": {
                "mean": 0.7061614517982611,
                "std": 0.03656420645090862
            }
        },
        "RANDOM": {
            "Adjusted Rand Index": {
                "mean": 0.48208256247219394,
                "std": 0.08625664991216028
            },
            "Adjusted Mutual info": {
                "mean": 0.7084404959984739,
                "std": 0.06329062375996243
            },
            "Homogeneity": {
                "mean": 0.6350200389809482,
                "std": 0.07585384926392892
            },
            "Completeness": {
                "mean": 0.8192163798859227,
                "std": 0.06311066321697008
            },
            "V-measure": {
                "mean": 0.7134629559192751,
                "std": 0.062309544591997466
            },
            "Fowlkes-Mallows": {
                "mean": 0.5817176071142723,
                "std": 0.06656298624612401
            },
            "Silhouette": {
                "mean": 0.29851968602682505,
                "std": 0.13025929362346814
            },
            "Davies-Bouldin": {
                "mean": 0.8741336264992787,
                "std": 0.12825172576329022
            }
        }
    },
    "digits": {
        "KM": {
            "Adjusted Rand Index": {
                "mean": 0.6005358748089165,
                "std": 0.024935240200837188
            },
            "Adjusted Mutual info": {
                "mean": 0.7102708877347832,
                "std": 0.0114705152502295
            },
            "Homogeneity": {
                "mean": 0.7040639961155599,
                "std": 0.011581329473253793
            },
            "Completeness": {
                "mean": 0.7225727900032528,
                "std": 0.012111088836975521
            },
            "V-measure": {
                "mean": 0.7131824174514116,
                "std": 0.011356027081237008
            },
            "Fowlkes-Mallows": {
                "mean": 0.6440563123523017,
                "std": 0.021184575479878034
            },
            "Silhouette": {
                "mean": 0.17840442174989118,
                "std": 0.005102959010753125
            },
            "Davies-Bouldin": {
                "mean": 1.900053720933854,
                "std": 0.07898670165036974
            }
        },
        "CKM": {
            "Adjusted Rand Index": {
                "mean": 0.26272694853354406,
                "std": 0.061597083389101484
            },
            "Adjusted Mutual info": {
                "mean": 0.40737747490044673,
                "std": 0.07692553852103083
            },
            "Homogeneity": {
                "mean": 0.37303837739241996,
                "std": 0.07051126810654362
            },
            "Completeness": {
                "mean": 0.46180431400592264,
                "std": 0.08449494982063595
            },
            "V-measure": {
                "mean": 0.4125694544653909,
                "std": 0.07664317762971701
            },
            "Fowlkes-Mallows": {
                "mean": 0.372252280638409,
                "std": 0.05680262921283461
            },
            "Silhouette": {
                "mean": 0.06225080840790109,
                "std": 0.021320661031256422
            },
            "Davies-Bouldin": {
                "mean": 2.7629273753446206,
                "std": 0.3805708481881632
            }
        },
        "RANDOM": {
            "Adjusted Rand Index": {
                "mean": 0.07207750134109728,
                "std": 0.03127632892381705
            },
            "Adjusted Mutual info": {
                "mean": 0.1709943835406816,
                "std": 0.05892507327662835
            },
            "Homogeneity": {
                "mean": 0.1431527330047978,
                "std": 0.05496142805289964
            },
            "Completeness": {
                "mean": 0.2552824038039202,
                "std": 0.08503996737052341
            },
            "V-measure": {
                "mean": 0.1784429207170153,
                "std": 0.06147034402340904
            },
            "Fowlkes-Mallows": {
                "mean": 0.25575925870660965,
                "std": 0.03176325649535605
            },
            "Silhouette": {
                "mean": -0.04247694590468718,
                "std": 0.04121386335306825
            },
            "Davies-Bouldin": {
                "mean": 3.5677678887410407,
                "std": 0.8018285240109752
            }
        }
    },
    "iris": {
        "KM": {
            "Adjusted Rand Index": {
                "mean": 0.7274590403635453,
                "std": 0.005558463839848837
            },
            "Adjusted Mutual info": {
                "mean": 0.751826299152096,
                "std": 0.0065857368559048
            },
            "Homogeneity": {
                "mean": 0.748472179384124,
                "std": 0.006026445629419541
            },
            "Completeness": {
                "mean": 0.7614862372610917,
                "std": 0.006999828375779637
            },
            "V-measure": {
                "mean": 0.7549228766409795,
                "std": 0.0065056067295979235
            },
            "Fowlkes-Mallows": {
                "mean": 0.8188950181686462,
                "std": 0.0038261094855382093
            },
            "Silhouette": {
                "mean": 0.552493530809046,
                "std": 0.0006509630947269862
            },
            "Davies-Bouldin": {
                "mean": 0.6627849530331671,
                "std": 0.0016268130648410927
            }
        },
        "CKM": {
            "Adjusted Rand Index": {
                "mean": 0.5745984596644171,
                "std": 0.1414337531878003
            },